{
	"class_name" : "PinholeCameraParameters",
	"extrinsic" : 
	[
		0.99773330834425833,
		-0.039972339983646084,
		0.054133699824167693,
		0.0,
		-0.060766279239537563,
		-0.18959604958840098,
		0.97997999841213868,
		0.0,
		-0.028908558037436451,
		-0.98104818944672867,
		-0.19159526417814132,
		0.0,
		-3.5384275041037392,
		1.9051884127118828,
		2.4928481702720982,
		1.0
	],
	"intrinsic" : 
	{
		"height" : 1080,
		"intrinsic_matrix" : 
		[
			935.30743608719376,
			0.0,
			0.0,
			0.0,
			935.30743608719376,
			0.0,
			959.5,
			539.5,
			1.0
		],
		"width" : 1920
	},
	"version_major" : 1,
	"version_minor" : 0
}