{
	"class_name" : "PinholeCameraParameters",
	"extrinsic" : 
	[
		-0.1431306376727822,
		0.022652334085429753,
		-0.98944453726313786,
		0.0,
		0.98889776965875309,
		-0.037066802045344016,
		-0.14390015062561659,
		0.0,
		-0.03993521908449487,
		-0.99905601642080777,
		-0.017095447641405557,
		0.0,
		-0.58596338334359943,
		1.5229871568106961,
		6.6150621254916935,
		1.0
	],
	"intrinsic" : 
	{
		"height" : 1080,
		"intrinsic_matrix" : 
		[
			935.30743608719376,
			0.0,
			0.0,
			0.0,
			935.30743608719376,
			0.0,
			959.5,
			539.5,
			1.0
		],
		"width" : 1920
	},
	"version_major" : 1,
	"version_minor" : 0
}