{
	"class_name" : "PinholeCameraParameters",
	"extrinsic" : 
	[
		-0.25431579769079837,
		-0.15404486433707065,
		0.9547741381165844,
		0.0,
		-0.957903220058272,
		-0.095858362543985415,
		-0.27061521637258279,
		0.0,
		0.13320996977286229,
		-0.98340294594929878,
		-0.12318177564621223,
		0.0,
		1.8596125139883255,
		2.2156589068999222,
		0.061444307069102616,
		1.0
	],
	"intrinsic" : 
	{
		"height" : 1080,
		"intrinsic_matrix" : 
		[
			935.30743608719376,
			0.0,
			0.0,
			0.0,
			935.30743608719376,
			0.0,
			959.5,
			539.5,
			1.0
		],
		"width" : 1920
	},
	"version_major" : 1,
	"version_minor" : 0
}